{
    "$schema": "https://schema.management.azure.com/schemas/2015-01-01/deploymentParameters.json#",
    "contentVersion": "1.0.0.0",
    "parameters": {
        "vulnerabilityAssessments_Default_storageContainerPath": {
            "value": null
        },
        "servers_reviewhog_name": {
            "value": null
        },
        "sites_ReviewHogAPI20230721154657_name": {
            "value": null
        },
        "serverfarms_ReviewHogAPI20230721154657Plan_name": {
            "value": null
        }
    }
}