{
    "$schema": "https://schema.management.azure.com/schemas/2019-04-01/deploymentTemplate.json#",
    "contentVersion": "1.0.0.0",
    "parameters": {
        "vulnerabilityAssessments_Default_storageContainerPath": {
            "type": "SecureString"
        },
        "servers_reviewhog_name": {
            "defaultValue": "reviewhog",
            "type": "String"
        },
        "sites_ReviewHogAPI20230721154657_name": {
            "defaultValue": "ReviewHogAPI20230721154657",
            "type": "String"
        },
        "serverfarms_ReviewHogAPI20230721154657Plan_name": {
            "defaultValue": "ReviewHogAPI20230721154657Plan",
            "type": "String"
        }
    },
    "variables": {},
    "resources": [
        {
            "type": "Microsoft.Sql/servers",
            "apiVersion": "2022-11-01-preview",
            "name": "[parameters('servers_reviewhog_name')]",
            "location": "eastus",
            "kind": "v12.0",
            "properties": {
                "administratorLogin": "[concat(parameters('servers_reviewhog_name'), 'admin')]",
                "version": "12.0",
                "minimalTlsVersion": "1.2",
                "publicNetworkAccess": "Enabled",
                "restrictOutboundNetworkAccess": "Disabled"
            }
        },
        {
            "type": "Microsoft.Web/serverfarms",
            "apiVersion": "2022-09-01",
            "name": "[parameters('serverfarms_ReviewHogAPI20230721154657Plan_name')]",
            "location": "East US",
            "sku": {
                "name": "S1",
                "tier": "Standard",
                "size": "S1",
                "family": "S",
                "capacity": 1
            },
            "kind": "app",
            "properties": {
                "perSiteScaling": false,
                "elasticScaleEnabled": false,
                "maximumElasticWorkerCount": 1,
                "isSpot": false,
                "reserved": false,
                "isXenon": false,
                "hyperV": false,
                "targetWorkerCount": 0,
                "targetWorkerSizeId": 0,
                "zoneRedundant": false
            }
        },
        {
            "type": "Microsoft.Sql/servers/advancedThreatProtectionSettings",
            "apiVersion": "2022-11-01-preview",
            "name": "[concat(parameters('servers_reviewhog_name'), '/Default')]",
            "dependsOn": [
                "[resourceId('Microsoft.Sql/servers', parameters('servers_reviewhog_name'))]"
            ],
            "properties": {
                "state": "Enabled"
            }
        },
        {
            "type": "Microsoft.Sql/servers/advisors",
            "apiVersion": "2014-04-01",
            "name": "[concat(parameters('servers_reviewhog_name'), '/CreateIndex')]",
            "dependsOn": [
                "[resourceId('Microsoft.Sql/servers', parameters('servers_reviewhog_name'))]"
            ],
            "properties": {
                "autoExecuteValue": "Disabled"
            }
        },
        {
            "type": "Microsoft.Sql/servers/advisors",
            "apiVersion": "2014-04-01",
            "name": "[concat(parameters('servers_reviewhog_name'), '/DbParameterization')]",
            "dependsOn": [
                "[resourceId('Microsoft.Sql/servers', parameters('servers_reviewhog_name'))]"
            ],
            "properties": {
                "autoExecuteValue": "Disabled"
            }
        },
        {
            "type": "Microsoft.Sql/servers/advisors",
            "apiVersion": "2014-04-01",
            "name": "[concat(parameters('servers_reviewhog_name'), '/DefragmentIndex')]",
            "dependsOn": [
                "[resourceId('Microsoft.Sql/servers', parameters('servers_reviewhog_name'))]"
            ],
            "properties": {
                "autoExecuteValue": "Disabled"
            }
        },
        {
            "type": "Microsoft.Sql/servers/advisors",
            "apiVersion": "2014-04-01",
            "name": "[concat(parameters('servers_reviewhog_name'), '/DropIndex')]",
            "dependsOn": [
                "[resourceId('Microsoft.Sql/servers', parameters('servers_reviewhog_name'))]"
            ],
            "properties": {
                "autoExecuteValue": "Disabled"
            }
        },
        {
            "type": "Microsoft.Sql/servers/advisors",
            "apiVersion": "2014-04-01",
            "name": "[concat(parameters('servers_reviewhog_name'), '/ForceLastGoodPlan')]",
            "dependsOn": [
                "[resourceId('Microsoft.Sql/servers', parameters('servers_reviewhog_name'))]"
            ],
            "properties": {
                "autoExecuteValue": "Enabled"
            }
        },
        {
            "type": "Microsoft.Sql/servers/auditingPolicies",
            "apiVersion": "2014-04-01",
            "name": "[concat(parameters('servers_reviewhog_name'), '/Default')]",
            "location": "East US",
            "dependsOn": [
                "[resourceId('Microsoft.Sql/servers', parameters('servers_reviewhog_name'))]"
            ],
            "properties": {
                "auditingState": "Disabled"
            }
        },
        {
            "type": "Microsoft.Sql/servers/auditingSettings",
            "apiVersion": "2022-11-01-preview",
            "name": "[concat(parameters('servers_reviewhog_name'), '/Default')]",
            "dependsOn": [
                "[resourceId('Microsoft.Sql/servers', parameters('servers_reviewhog_name'))]"
            ],
            "properties": {
                "retentionDays": 0,
                "auditActionsAndGroups": [],
                "isStorageSecondaryKeyInUse": false,
                "isAzureMonitorTargetEnabled": false,
                "isManagedIdentityInUse": false,
                "state": "Disabled",
                "storageAccountSubscriptionId": "00000000-0000-0000-0000-000000000000"
            }
        },
        {
            "type": "Microsoft.Sql/servers/connectionPolicies",
            "apiVersion": "2022-11-01-preview",
            "name": "[concat(parameters('servers_reviewhog_name'), '/default')]",
            "location": "eastus",
            "dependsOn": [
                "[resourceId('Microsoft.Sql/servers', parameters('servers_reviewhog_name'))]"
            ],
            "properties": {
                "connectionType": "Default"
            }
        },
        {
            "type": "Microsoft.Sql/servers/databases",
            "apiVersion": "2022-11-01-preview",
            "name": "[concat(parameters('servers_reviewhog_name'), '/', parameters('servers_reviewhog_name'), 'Main')]",
            "location": "eastus",
            "dependsOn": [
                "[resourceId('Microsoft.Sql/servers', parameters('servers_reviewhog_name'))]"
            ],
            "sku": {
                "name": "GP_S_Gen5",
                "tier": "GeneralPurpose",
                "family": "Gen5",
                "capacity": 1
            },
            "kind": "v12.0,user,vcore,serverless",
            "properties": {
                "collation": "SQL_Latin1_General_CP1_CI_AS",
                "maxSizeBytes": 4294967296,
                "catalogCollation": "SQL_Latin1_General_CP1_CI_AS",
                "zoneRedundant": false,
                "readScale": "Disabled",
                "autoPauseDelay": 60,
                "requestedBackupStorageRedundancy": "Local",
                "minCapacity": 0.5,
                "maintenanceConfigurationId": "/subscriptions/18311308-b7ed-44be-90d7-ea53a12da057/providers/Microsoft.Maintenance/publicMaintenanceConfigurations/SQL_Default",
                "isLedgerOn": false,
                "availabilityZone": "NoPreference"
            }
        },
        {
            "type": "Microsoft.Sql/servers/databases/advancedThreatProtectionSettings",
            "apiVersion": "2022-11-01-preview",
            "name": "[concat(parameters('servers_reviewhog_name'), '/master/Default')]",
            "dependsOn": [
                "[resourceId('Microsoft.Sql/servers', parameters('servers_reviewhog_name'))]"
            ],
            "properties": {
                "state": "Disabled"
            }
        },
        {
            "type": "Microsoft.Sql/servers/databases/auditingPolicies",
            "apiVersion": "2014-04-01",
            "name": "[concat(parameters('servers_reviewhog_name'), '/master/Default')]",
            "location": "East US",
            "dependsOn": [
                "[resourceId('Microsoft.Sql/servers', parameters('servers_reviewhog_name'))]"
            ],
            "properties": {
                "auditingState": "Disabled"
            }
        },
        {
            "type": "Microsoft.Sql/servers/databases/auditingSettings",
            "apiVersion": "2022-11-01-preview",
            "name": "[concat(parameters('servers_reviewhog_name'), '/master/Default')]",
            "dependsOn": [
                "[resourceId('Microsoft.Sql/servers', parameters('servers_reviewhog_name'))]"
            ],
            "properties": {
                "retentionDays": 0,
                "isAzureMonitorTargetEnabled": false,
                "state": "Disabled",
                "storageAccountSubscriptionId": "00000000-0000-0000-0000-000000000000"
            }
        },
        {
            "type": "Microsoft.Sql/servers/databases/extendedAuditingSettings",
            "apiVersion": "2022-11-01-preview",
            "name": "[concat(parameters('servers_reviewhog_name'), '/master/Default')]",
            "dependsOn": [
                "[resourceId('Microsoft.Sql/servers', parameters('servers_reviewhog_name'))]"
            ],
            "properties": {
                "retentionDays": 0,
                "isAzureMonitorTargetEnabled": false,
                "state": "Disabled",
                "storageAccountSubscriptionId": "00000000-0000-0000-0000-000000000000"
            }
        },
        {
            "type": "Microsoft.Sql/servers/databases/geoBackupPolicies",
            "apiVersion": "2022-11-01-preview",
            "name": "[concat(parameters('servers_reviewhog_name'), '/master/Default')]",
            "dependsOn": [
                "[resourceId('Microsoft.Sql/servers', parameters('servers_reviewhog_name'))]"
            ],
            "properties": {
                "state": "Disabled"
            }
        },
        {
            "type": "Microsoft.Sql/servers/databases/ledgerDigestUploads",
            "apiVersion": "2022-11-01-preview",
            "name": "[concat(parameters('servers_reviewhog_name'), '/master/Current')]",
            "dependsOn": [
                "[resourceId('Microsoft.Sql/servers', parameters('servers_reviewhog_name'))]"
            ],
            "properties": {}
        },
        {
            "type": "Microsoft.Sql/servers/databases/securityAlertPolicies",
            "apiVersion": "2022-11-01-preview",
            "name": "[concat(parameters('servers_reviewhog_name'), '/master/Default')]",
            "dependsOn": [
                "[resourceId('Microsoft.Sql/servers', parameters('servers_reviewhog_name'))]"
            ],
            "properties": {
                "state": "Disabled",
                "disabledAlerts": [
                    ""
                ],
                "emailAddresses": [
                    ""
                ],
                "emailAccountAdmins": false,
                "retentionDays": 0
            }
        },
        {
            "type": "Microsoft.Sql/servers/databases/transparentDataEncryption",
            "apiVersion": "2022-11-01-preview",
            "name": "[concat(parameters('servers_reviewhog_name'), '/master/Current')]",
            "dependsOn": [
                "[resourceId('Microsoft.Sql/servers', parameters('servers_reviewhog_name'))]"
            ],
            "properties": {
                "state": "Disabled"
            }
        },
        {
            "type": "Microsoft.Sql/servers/databases/vulnerabilityAssessments",
            "apiVersion": "2022-11-01-preview",
            "name": "[concat(parameters('servers_reviewhog_name'), '/master/Default')]",
            "dependsOn": [
                "[resourceId('Microsoft.Sql/servers', parameters('servers_reviewhog_name'))]"
            ],
            "properties": {
                "recurringScans": {
                    "isEnabled": false,
                    "emailSubscriptionAdmins": true
                }
            }
        },
        {
            "type": "Microsoft.Sql/servers/devOpsAuditingSettings",
            "apiVersion": "2022-11-01-preview",
            "name": "[concat(parameters('servers_reviewhog_name'), '/Default')]",
            "dependsOn": [
                "[resourceId('Microsoft.Sql/servers', parameters('servers_reviewhog_name'))]"
            ],
            "properties": {
                "isAzureMonitorTargetEnabled": false,
                "isManagedIdentityInUse": false,
                "state": "Disabled",
                "storageAccountSubscriptionId": "00000000-0000-0000-0000-000000000000"
            }
        },
        {
            "type": "Microsoft.Sql/servers/encryptionProtector",
            "apiVersion": "2022-11-01-preview",
            "name": "[concat(parameters('servers_reviewhog_name'), '/current')]",
            "dependsOn": [
                "[resourceId('Microsoft.Sql/servers', parameters('servers_reviewhog_name'))]"
            ],
            "kind": "servicemanaged",
            "properties": {
                "serverKeyName": "ServiceManaged",
                "serverKeyType": "ServiceManaged",
                "autoRotationEnabled": false
            }
        },
        {
            "type": "Microsoft.Sql/servers/extendedAuditingSettings",
            "apiVersion": "2022-11-01-preview",
            "name": "[concat(parameters('servers_reviewhog_name'), '/Default')]",
            "dependsOn": [
                "[resourceId('Microsoft.Sql/servers', parameters('servers_reviewhog_name'))]"
            ],
            "properties": {
                "retentionDays": 0,
                "auditActionsAndGroups": [],
                "isStorageSecondaryKeyInUse": false,
                "isAzureMonitorTargetEnabled": false,
                "isManagedIdentityInUse": false,
                "state": "Disabled",
                "storageAccountSubscriptionId": "00000000-0000-0000-0000-000000000000"
            }
        },
        {
            "type": "Microsoft.Sql/servers/firewallRules",
            "apiVersion": "2022-11-01-preview",
            "name": "[concat(parameters('servers_reviewhog_name'), '/AllowAllWindowsAzureIps')]",
            "dependsOn": [
                "[resourceId('Microsoft.Sql/servers', parameters('servers_reviewhog_name'))]"
            ]
        },
        {
            "type": "Microsoft.Sql/servers/firewallRules",
            "apiVersion": "2022-11-01-preview",
            "name": "[concat(parameters('servers_reviewhog_name'), '/AWS Panel')]",
            "dependsOn": [
                "[resourceId('Microsoft.Sql/servers', parameters('servers_reviewhog_name'))]"
            ]
        },
        {
            "type": "Microsoft.Sql/servers/firewallRules",
            "apiVersion": "2022-11-01-preview",
            "name": "[concat(parameters('servers_reviewhog_name'), '/Chicago VPN')]",
            "dependsOn": [
                "[resourceId('Microsoft.Sql/servers', parameters('servers_reviewhog_name'))]"
            ]
        },
        {
            "type": "Microsoft.Sql/servers/keys",
            "apiVersion": "2022-11-01-preview",
            "name": "[concat(parameters('servers_reviewhog_name'), '/ServiceManaged')]",
            "dependsOn": [
                "[resourceId('Microsoft.Sql/servers', parameters('servers_reviewhog_name'))]"
            ],
            "kind": "servicemanaged",
            "properties": {
                "serverKeyType": "ServiceManaged"
            }
        },
        {
            "type": "Microsoft.Sql/servers/securityAlertPolicies",
            "apiVersion": "2022-11-01-preview",
            "name": "[concat(parameters('servers_reviewhog_name'), '/Default')]",
            "dependsOn": [
                "[resourceId('Microsoft.Sql/servers', parameters('servers_reviewhog_name'))]"
            ],
            "properties": {
                "state": "Enabled",
                "disabledAlerts": [
                    ""
                ],
                "emailAddresses": [
                    ""
                ],
                "emailAccountAdmins": false,
                "retentionDays": 0
            }
        },
        {
            "type": "Microsoft.Sql/servers/sqlVulnerabilityAssessments",
            "apiVersion": "2022-11-01-preview",
            "name": "[concat(parameters('servers_reviewhog_name'), '/Default')]",
            "dependsOn": [
                "[resourceId('Microsoft.Sql/servers', parameters('servers_reviewhog_name'))]"
            ],
            "properties": {
                "state": "Disabled"
            }
        },
        {
            "type": "Microsoft.Sql/servers/vulnerabilityAssessments",
            "apiVersion": "2022-11-01-preview",
            "name": "[concat(parameters('servers_reviewhog_name'), '/Default')]",
            "dependsOn": [
                "[resourceId('Microsoft.Sql/servers', parameters('servers_reviewhog_name'))]"
            ],
            "properties": {
                "recurringScans": {
                    "isEnabled": false,
                    "emailSubscriptionAdmins": true
                },
                "storageContainerPath": "[parameters('vulnerabilityAssessments_Default_storageContainerPath')]"
            }
        },
        {
            "type": "Microsoft.Web/sites",
            "apiVersion": "2022-09-01",
            "name": "[parameters('sites_ReviewHogAPI20230721154657_name')]",
            "location": "East US",
            "dependsOn": [
                "[resourceId('Microsoft.Web/serverfarms', parameters('serverfarms_ReviewHogAPI20230721154657Plan_name'))]"
            ],
            "tags": {
                "hidden-related:/subscriptions/18311308-b7ed-44be-90d7-ea53a12da057/resourceGroups/reviewhog-hackDay/providers/Microsoft.Web/serverFarms/ReviewHogAPI20230721154657Plan": "empty"
            },
            "kind": "app",
            "identity": {
                "type": "SystemAssigned"
            },
            "properties": {
                "enabled": true,
                "hostNameSslStates": [
                    {
                        "name": "reviewhogapi20230721154657.azurewebsites.net",
                        "sslState": "Disabled",
                        "hostType": "Standard"
                    },
                    {
                        "name": "reviewhogapi20230721154657.scm.azurewebsites.net",
                        "sslState": "Disabled",
                        "hostType": "Repository"
                    }
                ],
                "serverFarmId": "[resourceId('Microsoft.Web/serverfarms', parameters('serverfarms_ReviewHogAPI20230721154657Plan_name'))]",
                "reserved": false,
                "isXenon": false,
                "hyperV": false,
                "vnetRouteAllEnabled": false,
                "vnetImagePullEnabled": false,
                "vnetContentShareEnabled": false,
                "siteConfig": {
                    "numberOfWorkers": 1,
                    "acrUseManagedIdentityCreds": false,
                    "alwaysOn": false,
                    "http20Enabled": false,
                    "functionAppScaleLimit": 0,
                    "minimumElasticInstanceCount": 0
                },
                "scmSiteAlsoStopped": false,
                "clientAffinityEnabled": true,
                "clientCertEnabled": false,
                "clientCertMode": "Required",
                "hostNamesDisabled": false,
                "customDomainVerificationId": "39C444D11C5717538D583995AF859ADE7B1FE0EDA5B536EE313EF279BB5067B7",
                "containerSize": 0,
                "dailyMemoryTimeQuota": 0,
                "httpsOnly": true,
                "redundancyMode": "None",
                "storageAccountRequired": false,
                "keyVaultReferenceIdentity": "SystemAssigned"
            }
        },
        {
            "type": "Microsoft.Web/sites/basicPublishingCredentialsPolicies",
            "apiVersion": "2022-09-01",
            "name": "[concat(parameters('sites_ReviewHogAPI20230721154657_name'), '/ftp')]",
            "location": "East US",
            "dependsOn": [
                "[resourceId('Microsoft.Web/sites', parameters('sites_ReviewHogAPI20230721154657_name'))]"
            ],
            "tags": {
                "hidden-related:/subscriptions/18311308-b7ed-44be-90d7-ea53a12da057/resourceGroups/reviewhog-hackDay/providers/Microsoft.Web/serverFarms/ReviewHogAPI20230721154657Plan": "empty"
            },
            "properties": {
                "allow": true
            }
        },
        {
            "type": "Microsoft.Web/sites/basicPublishingCredentialsPolicies",
            "apiVersion": "2022-09-01",
            "name": "[concat(parameters('sites_ReviewHogAPI20230721154657_name'), '/scm')]",
            "location": "East US",
            "dependsOn": [
                "[resourceId('Microsoft.Web/sites', parameters('sites_ReviewHogAPI20230721154657_name'))]"
            ],
            "tags": {
                "hidden-related:/subscriptions/18311308-b7ed-44be-90d7-ea53a12da057/resourceGroups/reviewhog-hackDay/providers/Microsoft.Web/serverFarms/ReviewHogAPI20230721154657Plan": "empty"
            },
            "properties": {
                "allow": true
            }
        },
        {
            "type": "Microsoft.Web/sites/config",
            "apiVersion": "2022-09-01",
            "name": "[concat(parameters('sites_ReviewHogAPI20230721154657_name'), '/web')]",
            "location": "East US",
            "dependsOn": [
                "[resourceId('Microsoft.Web/sites', parameters('sites_ReviewHogAPI20230721154657_name'))]"
            ],
            "tags": {
                "hidden-related:/subscriptions/18311308-b7ed-44be-90d7-ea53a12da057/resourceGroups/reviewhog-hackDay/providers/Microsoft.Web/serverFarms/ReviewHogAPI20230721154657Plan": "empty"
            },
            "properties": {
                "numberOfWorkers": 1,
                "defaultDocuments": [
                    "Default.htm",
                    "Default.html",
                    "Default.asp",
                    "index.htm",
                    "index.html",
                    "iisstart.htm",
                    "default.aspx",
                    "index.php",
                    "hostingstart.html"
                ],
                "netFrameworkVersion": "v4.0",
                "phpVersion": "5.6",
                "requestTracingEnabled": false,
                "remoteDebuggingEnabled": false,
                "httpLoggingEnabled": false,
                "acrUseManagedIdentityCreds": false,
                "logsDirectorySizeLimit": 35,
                "detailedErrorLoggingEnabled": false,
                "publishingUsername": "$ReviewHogAPI20230721154657",
                "scmType": "None",
                "use32BitWorkerProcess": true,
                "webSocketsEnabled": false,
                "alwaysOn": false,
                "managedPipelineMode": "Integrated",
                "virtualApplications": [
                    {
                        "virtualPath": "/",
                        "physicalPath": "site\\wwwroot",
                        "preloadEnabled": false
                    }
                ],
                "loadBalancing": "LeastRequests",
                "experiments": {
                    "rampUpRules": []
                },
                "autoHealEnabled": false,
                "vnetRouteAllEnabled": false,
                "vnetPrivatePortsCount": 0,
                "localMySqlEnabled": false,
                "managedServiceIdentityId": 18962,
                "ipSecurityRestrictions": [
                    {
                        "ipAddress": "Any",
                        "action": "Allow",
                        "priority": 2147483647,
                        "name": "Allow all",
                        "description": "Allow all access"
                    }
                ],
                "scmIpSecurityRestrictions": [
                    {
                        "ipAddress": "Any",
                        "action": "Allow",
                        "priority": 2147483647,
                        "name": "Allow all",
                        "description": "Allow all access"
                    }
                ],
                "scmIpSecurityRestrictionsUseMain": false,
                "http20Enabled": false,
                "minTlsVersion": "1.2",
                "scmMinTlsVersion": "1.2",
                "ftpsState": "FtpsOnly",
                "preWarmedInstanceCount": 0,
                "elasticWebAppScaleLimit": 0,
                "functionsRuntimeScaleMonitoringEnabled": false,
                "minimumElasticInstanceCount": 0,
                "azureStorageAccounts": {}
            }
        },
        {
            "type": "Microsoft.Web/sites/hostNameBindings",
            "apiVersion": "2022-09-01",
            "name": "[concat(parameters('sites_ReviewHogAPI20230721154657_name'), '/', parameters('sites_ReviewHogAPI20230721154657_name'), '.azurewebsites.net')]",
            "location": "East US",
            "dependsOn": [
                "[resourceId('Microsoft.Web/sites', parameters('sites_ReviewHogAPI20230721154657_name'))]"
            ],
            "properties": {
                "siteName": "ReviewHogAPI20230721154657",
                "hostNameType": "Verified"
            }
        },
        {
            "type": "Microsoft.Web/sites/snapshots",
            "apiVersion": "2015-08-01",
            "name": "[concat(parameters('sites_ReviewHogAPI20230721154657_name'), '/2023-07-21T10_46_05_4525531')]",
            "dependsOn": [
                "[resourceId('Microsoft.Web/sites', parameters('sites_ReviewHogAPI20230721154657_name'))]"
            ]
        },
        {
            "type": "Microsoft.Web/sites/snapshots",
            "apiVersion": "2015-08-01",
            "name": "[concat(parameters('sites_ReviewHogAPI20230721154657_name'), '/2023-07-21T11_46_05_6974557')]",
            "dependsOn": [
                "[resourceId('Microsoft.Web/sites', parameters('sites_ReviewHogAPI20230721154657_name'))]"
            ]
        },
        {
            "type": "Microsoft.Web/sites/snapshots",
            "apiVersion": "2015-08-01",
            "name": "[concat(parameters('sites_ReviewHogAPI20230721154657_name'), '/2023-07-21T12_46_05_9533424')]",
            "dependsOn": [
                "[resourceId('Microsoft.Web/sites', parameters('sites_ReviewHogAPI20230721154657_name'))]"
            ]
        },
        {
            "type": "Microsoft.Web/sites/snapshots",
            "apiVersion": "2015-08-01",
            "name": "[concat(parameters('sites_ReviewHogAPI20230721154657_name'), '/2023-07-21T13_46_06_2056476')]",
            "dependsOn": [
                "[resourceId('Microsoft.Web/sites', parameters('sites_ReviewHogAPI20230721154657_name'))]"
            ]
        },
        {
            "type": "Microsoft.Web/sites/snapshots",
            "apiVersion": "2015-08-01",
            "name": "[concat(parameters('sites_ReviewHogAPI20230721154657_name'), '/2023-07-21T14_46_06_4509790')]",
            "dependsOn": [
                "[resourceId('Microsoft.Web/sites', parameters('sites_ReviewHogAPI20230721154657_name'))]"
            ]
        },
        {
            "type": "Microsoft.Web/sites/snapshots",
            "apiVersion": "2015-08-01",
            "name": "[concat(parameters('sites_ReviewHogAPI20230721154657_name'), '/2023-07-21T15_46_06_7003151')]",
            "dependsOn": [
                "[resourceId('Microsoft.Web/sites', parameters('sites_ReviewHogAPI20230721154657_name'))]"
            ]
        },
        {
            "type": "Microsoft.Web/sites/snapshots",
            "apiVersion": "2015-08-01",
            "name": "[concat(parameters('sites_ReviewHogAPI20230721154657_name'), '/2023-07-21T16_46_06_9596401')]",
            "dependsOn": [
                "[resourceId('Microsoft.Web/sites', parameters('sites_ReviewHogAPI20230721154657_name'))]"
            ]
        },
        {
            "type": "Microsoft.Web/sites/snapshots",
            "apiVersion": "2015-08-01",
            "name": "[concat(parameters('sites_ReviewHogAPI20230721154657_name'), '/2023-07-21T17_46_07_1887666')]",
            "dependsOn": [
                "[resourceId('Microsoft.Web/sites', parameters('sites_ReviewHogAPI20230721154657_name'))]"
            ]
        },
        {
            "type": "Microsoft.Web/sites/snapshots",
            "apiVersion": "2015-08-01",
            "name": "[concat(parameters('sites_ReviewHogAPI20230721154657_name'), '/2023-07-21T18_46_07_4422101')]",
            "dependsOn": [
                "[resourceId('Microsoft.Web/sites', parameters('sites_ReviewHogAPI20230721154657_name'))]"
            ]
        },
        {
            "type": "Microsoft.Web/sites/snapshots",
            "apiVersion": "2015-08-01",
            "name": "[concat(parameters('sites_ReviewHogAPI20230721154657_name'), '/2023-07-21T19_46_07_6961995')]",
            "dependsOn": [
                "[resourceId('Microsoft.Web/sites', parameters('sites_ReviewHogAPI20230721154657_name'))]"
            ]
        },
        {
            "type": "Microsoft.Web/sites/snapshots",
            "apiVersion": "2015-08-01",
            "name": "[concat(parameters('sites_ReviewHogAPI20230721154657_name'), '/2023-07-21T20_46_07_9424675')]",
            "dependsOn": [
                "[resourceId('Microsoft.Web/sites', parameters('sites_ReviewHogAPI20230721154657_name'))]"
            ]
        },
        {
            "type": "Microsoft.Web/sites/snapshots",
            "apiVersion": "2015-08-01",
            "name": "[concat(parameters('sites_ReviewHogAPI20230721154657_name'), '/2023-07-21T21_46_08_2062583')]",
            "dependsOn": [
                "[resourceId('Microsoft.Web/sites', parameters('sites_ReviewHogAPI20230721154657_name'))]"
            ]
        },
        {
            "type": "Microsoft.Web/sites/snapshots",
            "apiVersion": "2015-08-01",
            "name": "[concat(parameters('sites_ReviewHogAPI20230721154657_name'), '/2023-07-21T22_46_08_4334459')]",
            "dependsOn": [
                "[resourceId('Microsoft.Web/sites', parameters('sites_ReviewHogAPI20230721154657_name'))]"
            ]
        },
        {
            "type": "Microsoft.Web/sites/snapshots",
            "apiVersion": "2015-08-01",
            "name": "[concat(parameters('sites_ReviewHogAPI20230721154657_name'), '/2023-07-21T23_46_08_6881607')]",
            "dependsOn": [
                "[resourceId('Microsoft.Web/sites', parameters('sites_ReviewHogAPI20230721154657_name'))]"
            ]
        },
        {
            "type": "Microsoft.Web/sites/snapshots",
            "apiVersion": "2015-08-01",
            "name": "[concat(parameters('sites_ReviewHogAPI20230721154657_name'), '/2023-07-22T00_46_08_9310597')]",
            "dependsOn": [
                "[resourceId('Microsoft.Web/sites', parameters('sites_ReviewHogAPI20230721154657_name'))]"
            ]
        },
        {
            "type": "Microsoft.Web/sites/snapshots",
            "apiVersion": "2015-08-01",
            "name": "[concat(parameters('sites_ReviewHogAPI20230721154657_name'), '/2023-07-22T01_46_09_1686453')]",
            "dependsOn": [
                "[resourceId('Microsoft.Web/sites', parameters('sites_ReviewHogAPI20230721154657_name'))]"
            ]
        },
        {
            "type": "Microsoft.Web/sites/snapshots",
            "apiVersion": "2015-08-01",
            "name": "[concat(parameters('sites_ReviewHogAPI20230721154657_name'), '/2023-07-22T02_46_09_4194586')]",
            "dependsOn": [
                "[resourceId('Microsoft.Web/sites', parameters('sites_ReviewHogAPI20230721154657_name'))]"
            ]
        },
        {
            "type": "Microsoft.Web/sites/snapshots",
            "apiVersion": "2015-08-01",
            "name": "[concat(parameters('sites_ReviewHogAPI20230721154657_name'), '/2023-07-22T03_46_09_6571553')]",
            "dependsOn": [
                "[resourceId('Microsoft.Web/sites', parameters('sites_ReviewHogAPI20230721154657_name'))]"
            ]
        },
        {
            "type": "Microsoft.Web/sites/snapshots",
            "apiVersion": "2015-08-01",
            "name": "[concat(parameters('sites_ReviewHogAPI20230721154657_name'), '/2023-07-22T04_46_09_8981631')]",
            "dependsOn": [
                "[resourceId('Microsoft.Web/sites', parameters('sites_ReviewHogAPI20230721154657_name'))]"
            ]
        },
        {
            "type": "Microsoft.Web/sites/snapshots",
            "apiVersion": "2015-08-01",
            "name": "[concat(parameters('sites_ReviewHogAPI20230721154657_name'), '/2023-07-22T05_46_10_1468368')]",
            "dependsOn": [
                "[resourceId('Microsoft.Web/sites', parameters('sites_ReviewHogAPI20230721154657_name'))]"
            ]
        },
        {
            "type": "Microsoft.Web/sites/snapshots",
            "apiVersion": "2015-08-01",
            "name": "[concat(parameters('sites_ReviewHogAPI20230721154657_name'), '/2023-07-22T06_46_10_4305399')]",
            "dependsOn": [
                "[resourceId('Microsoft.Web/sites', parameters('sites_ReviewHogAPI20230721154657_name'))]"
            ]
        },
        {
            "type": "Microsoft.Web/sites/snapshots",
            "apiVersion": "2015-08-01",
            "name": "[concat(parameters('sites_ReviewHogAPI20230721154657_name'), '/2023-07-22T07_46_10_6466149')]",
            "dependsOn": [
                "[resourceId('Microsoft.Web/sites', parameters('sites_ReviewHogAPI20230721154657_name'))]"
            ]
        },
        {
            "type": "Microsoft.Web/sites/snapshots",
            "apiVersion": "2015-08-01",
            "name": "[concat(parameters('sites_ReviewHogAPI20230721154657_name'), '/2023-07-22T08_46_10_8971351')]",
            "dependsOn": [
                "[resourceId('Microsoft.Web/sites', parameters('sites_ReviewHogAPI20230721154657_name'))]"
            ]
        },
        {
            "type": "Microsoft.Web/sites/snapshots",
            "apiVersion": "2015-08-01",
            "name": "[concat(parameters('sites_ReviewHogAPI20230721154657_name'), '/2023-07-22T09_46_11_1424200')]",
            "dependsOn": [
                "[resourceId('Microsoft.Web/sites', parameters('sites_ReviewHogAPI20230721154657_name'))]"
            ]
        },
        {
            "type": "Microsoft.Web/sites/snapshots",
            "apiVersion": "2015-08-01",
            "name": "[concat(parameters('sites_ReviewHogAPI20230721154657_name'), '/2023-07-22T10_46_11_3901750')]",
            "dependsOn": [
                "[resourceId('Microsoft.Web/sites', parameters('sites_ReviewHogAPI20230721154657_name'))]"
            ]
        },
        {
            "type": "Microsoft.Web/sites/snapshots",
            "apiVersion": "2015-08-01",
            "name": "[concat(parameters('sites_ReviewHogAPI20230721154657_name'), '/2023-07-22T11_46_11_6329027')]",
            "dependsOn": [
                "[resourceId('Microsoft.Web/sites', parameters('sites_ReviewHogAPI20230721154657_name'))]"
            ]
        },
        {
            "type": "Microsoft.Web/sites/snapshots",
            "apiVersion": "2015-08-01",
            "name": "[concat(parameters('sites_ReviewHogAPI20230721154657_name'), '/2023-07-22T12_46_11_8781305')]",
            "dependsOn": [
                "[resourceId('Microsoft.Web/sites', parameters('sites_ReviewHogAPI20230721154657_name'))]"
            ]
        },
        {
            "type": "Microsoft.Web/sites/snapshots",
            "apiVersion": "2015-08-01",
            "name": "[concat(parameters('sites_ReviewHogAPI20230721154657_name'), '/2023-07-22T13_46_12_1653226')]",
            "dependsOn": [
                "[resourceId('Microsoft.Web/sites', parameters('sites_ReviewHogAPI20230721154657_name'))]"
            ]
        },
        {
            "type": "Microsoft.Web/sites/snapshots",
            "apiVersion": "2015-08-01",
            "name": "[concat(parameters('sites_ReviewHogAPI20230721154657_name'), '/2023-07-22T14_46_12_3903042')]",
            "dependsOn": [
                "[resourceId('Microsoft.Web/sites', parameters('sites_ReviewHogAPI20230721154657_name'))]"
            ]
        },
        {
            "type": "Microsoft.Web/sites/snapshots",
            "apiVersion": "2015-08-01",
            "name": "[concat(parameters('sites_ReviewHogAPI20230721154657_name'), '/2023-07-22T15_46_12_6353090')]",
            "dependsOn": [
                "[resourceId('Microsoft.Web/sites', parameters('sites_ReviewHogAPI20230721154657_name'))]"
            ]
        },
        {
            "type": "Microsoft.Web/sites/snapshots",
            "apiVersion": "2015-08-01",
            "name": "[concat(parameters('sites_ReviewHogAPI20230721154657_name'), '/2023-07-22T16_46_12_8913054')]",
            "dependsOn": [
                "[resourceId('Microsoft.Web/sites', parameters('sites_ReviewHogAPI20230721154657_name'))]"
            ]
        },
        {
            "type": "Microsoft.Web/sites/snapshots",
            "apiVersion": "2015-08-01",
            "name": "[concat(parameters('sites_ReviewHogAPI20230721154657_name'), '/2023-07-22T17_46_13_1385048')]",
            "dependsOn": [
                "[resourceId('Microsoft.Web/sites', parameters('sites_ReviewHogAPI20230721154657_name'))]"
            ]
        },
        {
            "type": "Microsoft.Web/sites/snapshots",
            "apiVersion": "2015-08-01",
            "name": "[concat(parameters('sites_ReviewHogAPI20230721154657_name'), '/2023-07-22T18_46_13_4055895')]",
            "dependsOn": [
                "[resourceId('Microsoft.Web/sites', parameters('sites_ReviewHogAPI20230721154657_name'))]"
            ]
        },
        {
            "type": "Microsoft.Web/sites/snapshots",
            "apiVersion": "2015-08-01",
            "name": "[concat(parameters('sites_ReviewHogAPI20230721154657_name'), '/2023-07-22T19_46_13_6430865')]",
            "dependsOn": [
                "[resourceId('Microsoft.Web/sites', parameters('sites_ReviewHogAPI20230721154657_name'))]"
            ]
        },
        {
            "type": "Microsoft.Web/sites/snapshots",
            "apiVersion": "2015-08-01",
            "name": "[concat(parameters('sites_ReviewHogAPI20230721154657_name'), '/2023-07-22T20_46_13_9082081')]",
            "dependsOn": [
                "[resourceId('Microsoft.Web/sites', parameters('sites_ReviewHogAPI20230721154657_name'))]"
            ]
        },
        {
            "type": "Microsoft.Web/sites/snapshots",
            "apiVersion": "2015-08-01",
            "name": "[concat(parameters('sites_ReviewHogAPI20230721154657_name'), '/2023-07-22T21_46_14_1344527')]",
            "dependsOn": [
                "[resourceId('Microsoft.Web/sites', parameters('sites_ReviewHogAPI20230721154657_name'))]"
            ]
        },
        {
            "type": "Microsoft.Web/sites/snapshots",
            "apiVersion": "2015-08-01",
            "name": "[concat(parameters('sites_ReviewHogAPI20230721154657_name'), '/2023-07-22T22_46_14_3857146')]",
            "dependsOn": [
                "[resourceId('Microsoft.Web/sites', parameters('sites_ReviewHogAPI20230721154657_name'))]"
            ]
        },
        {
            "type": "Microsoft.Web/sites/snapshots",
            "apiVersion": "2015-08-01",
            "name": "[concat(parameters('sites_ReviewHogAPI20230721154657_name'), '/2023-07-22T23_46_14_6345326')]",
            "dependsOn": [
                "[resourceId('Microsoft.Web/sites', parameters('sites_ReviewHogAPI20230721154657_name'))]"
            ]
        },
        {
            "type": "Microsoft.Web/sites/snapshots",
            "apiVersion": "2015-08-01",
            "name": "[concat(parameters('sites_ReviewHogAPI20230721154657_name'), '/2023-07-23T00_46_14_8854722')]",
            "dependsOn": [
                "[resourceId('Microsoft.Web/sites', parameters('sites_ReviewHogAPI20230721154657_name'))]"
            ]
        },
        {
            "type": "Microsoft.Web/sites/snapshots",
            "apiVersion": "2015-08-01",
            "name": "[concat(parameters('sites_ReviewHogAPI20230721154657_name'), '/2023-07-23T01_46_15_1383954')]",
            "dependsOn": [
                "[resourceId('Microsoft.Web/sites', parameters('sites_ReviewHogAPI20230721154657_name'))]"
            ]
        },
        {
            "type": "Microsoft.Web/sites/snapshots",
            "apiVersion": "2015-08-01",
            "name": "[concat(parameters('sites_ReviewHogAPI20230721154657_name'), '/2023-07-23T02_46_15_4080994')]",
            "dependsOn": [
                "[resourceId('Microsoft.Web/sites', parameters('sites_ReviewHogAPI20230721154657_name'))]"
            ]
        },
        {
            "type": "Microsoft.Web/sites/snapshots",
            "apiVersion": "2015-08-01",
            "name": "[concat(parameters('sites_ReviewHogAPI20230721154657_name'), '/2023-07-23T03_46_15_6398415')]",
            "dependsOn": [
                "[resourceId('Microsoft.Web/sites', parameters('sites_ReviewHogAPI20230721154657_name'))]"
            ]
        },
        {
            "type": "Microsoft.Web/sites/snapshots",
            "apiVersion": "2015-08-01",
            "name": "[concat(parameters('sites_ReviewHogAPI20230721154657_name'), '/2023-07-23T04_46_15_8804291')]",
            "dependsOn": [
                "[resourceId('Microsoft.Web/sites', parameters('sites_ReviewHogAPI20230721154657_name'))]"
            ]
        },
        {
            "type": "Microsoft.Web/sites/snapshots",
            "apiVersion": "2015-08-01",
            "name": "[concat(parameters('sites_ReviewHogAPI20230721154657_name'), '/2023-07-23T05_46_16_1253713')]",
            "dependsOn": [
                "[resourceId('Microsoft.Web/sites', parameters('sites_ReviewHogAPI20230721154657_name'))]"
            ]
        },
        {
            "type": "Microsoft.Web/sites/snapshots",
            "apiVersion": "2015-08-01",
            "name": "[concat(parameters('sites_ReviewHogAPI20230721154657_name'), '/2023-07-23T06_46_16_3908740')]",
            "dependsOn": [
                "[resourceId('Microsoft.Web/sites', parameters('sites_ReviewHogAPI20230721154657_name'))]"
            ]
        },
        {
            "type": "Microsoft.Web/sites/snapshots",
            "apiVersion": "2015-08-01",
            "name": "[concat(parameters('sites_ReviewHogAPI20230721154657_name'), '/2023-07-23T07_46_16_6338390')]",
            "dependsOn": [
                "[resourceId('Microsoft.Web/sites', parameters('sites_ReviewHogAPI20230721154657_name'))]"
            ]
        },
        {
            "type": "Microsoft.Web/sites/snapshots",
            "apiVersion": "2015-08-01",
            "name": "[concat(parameters('sites_ReviewHogAPI20230721154657_name'), '/2023-07-23T08_46_16_8774466')]",
            "dependsOn": [
                "[resourceId('Microsoft.Web/sites', parameters('sites_ReviewHogAPI20230721154657_name'))]"
            ]
        },
        {
            "type": "Microsoft.Web/sites/snapshots",
            "apiVersion": "2015-08-01",
            "name": "[concat(parameters('sites_ReviewHogAPI20230721154657_name'), '/2023-07-23T09_46_17_1252089')]",
            "dependsOn": [
                "[resourceId('Microsoft.Web/sites', parameters('sites_ReviewHogAPI20230721154657_name'))]"
            ]
        },
        {
            "type": "Microsoft.Web/sites/snapshots",
            "apiVersion": "2015-08-01",
            "name": "[concat(parameters('sites_ReviewHogAPI20230721154657_name'), '/2023-07-23T10_46_17_3656200')]",
            "dependsOn": [
                "[resourceId('Microsoft.Web/sites', parameters('sites_ReviewHogAPI20230721154657_name'))]"
            ]
        },
        {
            "type": "Microsoft.Web/sites/snapshots",
            "apiVersion": "2015-08-01",
            "name": "[concat(parameters('sites_ReviewHogAPI20230721154657_name'), '/2023-07-23T11_46_17_6221211')]",
            "dependsOn": [
                "[resourceId('Microsoft.Web/sites', parameters('sites_ReviewHogAPI20230721154657_name'))]"
            ]
        },
        {
            "type": "Microsoft.Web/sites/snapshots",
            "apiVersion": "2015-08-01",
            "name": "[concat(parameters('sites_ReviewHogAPI20230721154657_name'), '/2023-07-23T12_46_17_8769571')]",
            "dependsOn": [
                "[resourceId('Microsoft.Web/sites', parameters('sites_ReviewHogAPI20230721154657_name'))]"
            ]
        },
        {
            "type": "Microsoft.Web/sites/snapshots",
            "apiVersion": "2015-08-01",
            "name": "[concat(parameters('sites_ReviewHogAPI20230721154657_name'), '/2023-07-23T13_46_18_1182126')]",
            "dependsOn": [
                "[resourceId('Microsoft.Web/sites', parameters('sites_ReviewHogAPI20230721154657_name'))]"
            ]
        },
        {
            "type": "Microsoft.Web/sites/snapshots",
            "apiVersion": "2015-08-01",
            "name": "[concat(parameters('sites_ReviewHogAPI20230721154657_name'), '/2023-07-23T14_46_18_3591354')]",
            "dependsOn": [
                "[resourceId('Microsoft.Web/sites', parameters('sites_ReviewHogAPI20230721154657_name'))]"
            ]
        },
        {
            "type": "Microsoft.Web/sites/snapshots",
            "apiVersion": "2015-08-01",
            "name": "[concat(parameters('sites_ReviewHogAPI20230721154657_name'), '/2023-07-23T15_46_18_6083016')]",
            "dependsOn": [
                "[resourceId('Microsoft.Web/sites', parameters('sites_ReviewHogAPI20230721154657_name'))]"
            ]
        },
        {
            "type": "Microsoft.Web/sites/snapshots",
            "apiVersion": "2015-08-01",
            "name": "[concat(parameters('sites_ReviewHogAPI20230721154657_name'), '/2023-07-23T16_46_18_8563491')]",
            "dependsOn": [
                "[resourceId('Microsoft.Web/sites', parameters('sites_ReviewHogAPI20230721154657_name'))]"
            ]
        },
        {
            "type": "Microsoft.Web/sites/snapshots",
            "apiVersion": "2015-08-01",
            "name": "[concat(parameters('sites_ReviewHogAPI20230721154657_name'), '/2023-07-23T17_46_19_1037722')]",
            "dependsOn": [
                "[resourceId('Microsoft.Web/sites', parameters('sites_ReviewHogAPI20230721154657_name'))]"
            ]
        },
        {
            "type": "Microsoft.Web/sites/snapshots",
            "apiVersion": "2015-08-01",
            "name": "[concat(parameters('sites_ReviewHogAPI20230721154657_name'), '/2023-07-23T18_46_19_3517411')]",
            "dependsOn": [
                "[resourceId('Microsoft.Web/sites', parameters('sites_ReviewHogAPI20230721154657_name'))]"
            ]
        },
        {
            "type": "Microsoft.Web/sites/snapshots",
            "apiVersion": "2015-08-01",
            "name": "[concat(parameters('sites_ReviewHogAPI20230721154657_name'), '/2023-07-23T19_46_19_6040609')]",
            "dependsOn": [
                "[resourceId('Microsoft.Web/sites', parameters('sites_ReviewHogAPI20230721154657_name'))]"
            ]
        },
        {
            "type": "Microsoft.Web/sites/snapshots",
            "apiVersion": "2015-08-01",
            "name": "[concat(parameters('sites_ReviewHogAPI20230721154657_name'), '/2023-07-23T20_46_19_8596115')]",
            "dependsOn": [
                "[resourceId('Microsoft.Web/sites', parameters('sites_ReviewHogAPI20230721154657_name'))]"
            ]
        },
        {
            "type": "Microsoft.Web/sites/snapshots",
            "apiVersion": "2015-08-01",
            "name": "[concat(parameters('sites_ReviewHogAPI20230721154657_name'), '/2023-07-23T21_46_20_1050193')]",
            "dependsOn": [
                "[resourceId('Microsoft.Web/sites', parameters('sites_ReviewHogAPI20230721154657_name'))]"
            ]
        },
        {
            "type": "Microsoft.Web/sites/snapshots",
            "apiVersion": "2015-08-01",
            "name": "[concat(parameters('sites_ReviewHogAPI20230721154657_name'), '/2023-07-23T22_46_20_3529494')]",
            "dependsOn": [
                "[resourceId('Microsoft.Web/sites', parameters('sites_ReviewHogAPI20230721154657_name'))]"
            ]
        },
        {
            "type": "Microsoft.Web/sites/snapshots",
            "apiVersion": "2015-08-01",
            "name": "[concat(parameters('sites_ReviewHogAPI20230721154657_name'), '/2023-07-23T23_46_20_5956049')]",
            "dependsOn": [
                "[resourceId('Microsoft.Web/sites', parameters('sites_ReviewHogAPI20230721154657_name'))]"
            ]
        },
        {
            "type": "Microsoft.Web/sites/snapshots",
            "apiVersion": "2015-08-01",
            "name": "[concat(parameters('sites_ReviewHogAPI20230721154657_name'), '/2023-07-24T00_46_20_8418500')]",
            "dependsOn": [
                "[resourceId('Microsoft.Web/sites', parameters('sites_ReviewHogAPI20230721154657_name'))]"
            ]
        },
        {
            "type": "Microsoft.Web/sites/snapshots",
            "apiVersion": "2015-08-01",
            "name": "[concat(parameters('sites_ReviewHogAPI20230721154657_name'), '/2023-07-24T01_46_21_0963976')]",
            "dependsOn": [
                "[resourceId('Microsoft.Web/sites', parameters('sites_ReviewHogAPI20230721154657_name'))]"
            ]
        },
        {
            "type": "Microsoft.Web/sites/snapshots",
            "apiVersion": "2015-08-01",
            "name": "[concat(parameters('sites_ReviewHogAPI20230721154657_name'), '/2023-07-24T02_46_21_3632602')]",
            "dependsOn": [
                "[resourceId('Microsoft.Web/sites', parameters('sites_ReviewHogAPI20230721154657_name'))]"
            ]
        },
        {
            "type": "Microsoft.Web/sites/snapshots",
            "apiVersion": "2015-08-01",
            "name": "[concat(parameters('sites_ReviewHogAPI20230721154657_name'), '/2023-07-24T03_46_21_6078112')]",
            "dependsOn": [
                "[resourceId('Microsoft.Web/sites', parameters('sites_ReviewHogAPI20230721154657_name'))]"
            ]
        },
        {
            "type": "Microsoft.Web/sites/snapshots",
            "apiVersion": "2015-08-01",
            "name": "[concat(parameters('sites_ReviewHogAPI20230721154657_name'), '/2023-07-24T04_46_21_8500347')]",
            "dependsOn": [
                "[resourceId('Microsoft.Web/sites', parameters('sites_ReviewHogAPI20230721154657_name'))]"
            ]
        },
        {
            "type": "Microsoft.Web/sites/snapshots",
            "apiVersion": "2015-08-01",
            "name": "[concat(parameters('sites_ReviewHogAPI20230721154657_name'), '/2023-07-24T05_46_22_1124128')]",
            "dependsOn": [
                "[resourceId('Microsoft.Web/sites', parameters('sites_ReviewHogAPI20230721154657_name'))]"
            ]
        },
        {
            "type": "Microsoft.Web/sites/snapshots",
            "apiVersion": "2015-08-01",
            "name": "[concat(parameters('sites_ReviewHogAPI20230721154657_name'), '/2023-07-24T06_46_22_3884869')]",
            "dependsOn": [
                "[resourceId('Microsoft.Web/sites', parameters('sites_ReviewHogAPI20230721154657_name'))]"
            ]
        },
        {
            "type": "Microsoft.Web/sites/snapshots",
            "apiVersion": "2015-08-01",
            "name": "[concat(parameters('sites_ReviewHogAPI20230721154657_name'), '/2023-07-24T07_46_22_6134401')]",
            "dependsOn": [
                "[resourceId('Microsoft.Web/sites', parameters('sites_ReviewHogAPI20230721154657_name'))]"
            ]
        },
        {
            "type": "Microsoft.Web/sites/snapshots",
            "apiVersion": "2015-08-01",
            "name": "[concat(parameters('sites_ReviewHogAPI20230721154657_name'), '/2023-07-24T08_46_22_8575005')]",
            "dependsOn": [
                "[resourceId('Microsoft.Web/sites', parameters('sites_ReviewHogAPI20230721154657_name'))]"
            ]
        },
        {
            "type": "Microsoft.Web/sites/snapshots",
            "apiVersion": "2015-08-01",
            "name": "[concat(parameters('sites_ReviewHogAPI20230721154657_name'), '/2023-07-24T09_46_23_1136864')]",
            "dependsOn": [
                "[resourceId('Microsoft.Web/sites', parameters('sites_ReviewHogAPI20230721154657_name'))]"
            ]
        },
        {
            "type": "Microsoft.Web/sites/snapshots",
            "apiVersion": "2015-08-01",
            "name": "[concat(parameters('sites_ReviewHogAPI20230721154657_name'), '/2023-07-24T10_46_23_3670881')]",
            "dependsOn": [
                "[resourceId('Microsoft.Web/sites', parameters('sites_ReviewHogAPI20230721154657_name'))]"
            ]
        },
        {
            "type": "Microsoft.Web/sites/snapshots",
            "apiVersion": "2015-08-01",
            "name": "[concat(parameters('sites_ReviewHogAPI20230721154657_name'), '/2023-07-24T11_46_23_6162204')]",
            "dependsOn": [
                "[resourceId('Microsoft.Web/sites', parameters('sites_ReviewHogAPI20230721154657_name'))]"
            ]
        },
        {
            "type": "Microsoft.Web/sites/snapshots",
            "apiVersion": "2015-08-01",
            "name": "[concat(parameters('sites_ReviewHogAPI20230721154657_name'), '/2023-07-24T12_46_23_8648176')]",
            "dependsOn": [
                "[resourceId('Microsoft.Web/sites', parameters('sites_ReviewHogAPI20230721154657_name'))]"
            ]
        },
        {
            "type": "Microsoft.Web/sites/snapshots",
            "apiVersion": "2015-08-01",
            "name": "[concat(parameters('sites_ReviewHogAPI20230721154657_name'), '/2023-07-24T13_46_24_1250130')]",
            "dependsOn": [
                "[resourceId('Microsoft.Web/sites', parameters('sites_ReviewHogAPI20230721154657_name'))]"
            ]
        },
        {
            "type": "Microsoft.Web/sites/snapshots",
            "apiVersion": "2015-08-01",
            "name": "[concat(parameters('sites_ReviewHogAPI20230721154657_name'), '/2023-07-24T14_46_24_3601532')]",
            "dependsOn": [
                "[resourceId('Microsoft.Web/sites', parameters('sites_ReviewHogAPI20230721154657_name'))]"
            ]
        },
        {
            "type": "Microsoft.Web/sites/snapshots",
            "apiVersion": "2015-08-01",
            "name": "[concat(parameters('sites_ReviewHogAPI20230721154657_name'), '/2023-07-24T15_46_24_6183196')]",
            "dependsOn": [
                "[resourceId('Microsoft.Web/sites', parameters('sites_ReviewHogAPI20230721154657_name'))]"
            ]
        },
        {
            "type": "Microsoft.Web/sites/snapshots",
            "apiVersion": "2015-08-01",
            "name": "[concat(parameters('sites_ReviewHogAPI20230721154657_name'), '/2023-07-24T16_46_24_8626040')]",
            "dependsOn": [
                "[resourceId('Microsoft.Web/sites', parameters('sites_ReviewHogAPI20230721154657_name'))]"
            ]
        },
        {
            "type": "Microsoft.Web/sites/snapshots",
            "apiVersion": "2015-08-01",
            "name": "[concat(parameters('sites_ReviewHogAPI20230721154657_name'), '/2023-07-24T17_46_25_1259088')]",
            "dependsOn": [
                "[resourceId('Microsoft.Web/sites', parameters('sites_ReviewHogAPI20230721154657_name'))]"
            ]
        },
        {
            "type": "Microsoft.Web/sites/snapshots",
            "apiVersion": "2015-08-01",
            "name": "[concat(parameters('sites_ReviewHogAPI20230721154657_name'), '/2023-07-24T18_46_25_3534505')]",
            "dependsOn": [
                "[resourceId('Microsoft.Web/sites', parameters('sites_ReviewHogAPI20230721154657_name'))]"
            ]
        },
        {
            "type": "Microsoft.Web/sites/snapshots",
            "apiVersion": "2015-08-01",
            "name": "[concat(parameters('sites_ReviewHogAPI20230721154657_name'), '/2023-07-24T19_46_25_6068920')]",
            "dependsOn": [
                "[resourceId('Microsoft.Web/sites', parameters('sites_ReviewHogAPI20230721154657_name'))]"
            ]
        },
        {
            "type": "Microsoft.Web/sites/snapshots",
            "apiVersion": "2015-08-01",
            "name": "[concat(parameters('sites_ReviewHogAPI20230721154657_name'), '/2023-07-24T20_46_25_8539516')]",
            "dependsOn": [
                "[resourceId('Microsoft.Web/sites', parameters('sites_ReviewHogAPI20230721154657_name'))]"
            ]
        },
        {
            "type": "Microsoft.Web/sites/snapshots",
            "apiVersion": "2015-08-01",
            "name": "[concat(parameters('sites_ReviewHogAPI20230721154657_name'), '/2023-07-24T21_46_26_1071018')]",
            "dependsOn": [
                "[resourceId('Microsoft.Web/sites', parameters('sites_ReviewHogAPI20230721154657_name'))]"
            ]
        },
        {
            "type": "Microsoft.Web/sites/snapshots",
            "apiVersion": "2015-08-01",
            "name": "[concat(parameters('sites_ReviewHogAPI20230721154657_name'), '/2023-07-24T22_46_26_3513504')]",
            "dependsOn": [
                "[resourceId('Microsoft.Web/sites', parameters('sites_ReviewHogAPI20230721154657_name'))]"
            ]
        },
        {
            "type": "Microsoft.Web/sites/snapshots",
            "apiVersion": "2015-08-01",
            "name": "[concat(parameters('sites_ReviewHogAPI20230721154657_name'), '/2023-07-24T23_46_26_6005613')]",
            "dependsOn": [
                "[resourceId('Microsoft.Web/sites', parameters('sites_ReviewHogAPI20230721154657_name'))]"
            ]
        },
        {
            "type": "Microsoft.Web/sites/snapshots",
            "apiVersion": "2015-08-01",
            "name": "[concat(parameters('sites_ReviewHogAPI20230721154657_name'), '/2023-07-25T00_46_26_8585752')]",
            "dependsOn": [
                "[resourceId('Microsoft.Web/sites', parameters('sites_ReviewHogAPI20230721154657_name'))]"
            ]
        },
        {
            "type": "Microsoft.Web/sites/snapshots",
            "apiVersion": "2015-08-01",
            "name": "[concat(parameters('sites_ReviewHogAPI20230721154657_name'), '/2023-07-25T01_46_27_1006509')]",
            "dependsOn": [
                "[resourceId('Microsoft.Web/sites', parameters('sites_ReviewHogAPI20230721154657_name'))]"
            ]
        },
        {
            "type": "Microsoft.Web/sites/snapshots",
            "apiVersion": "2015-08-01",
            "name": "[concat(parameters('sites_ReviewHogAPI20230721154657_name'), '/2023-07-25T02_46_27_3494756')]",
            "dependsOn": [
                "[resourceId('Microsoft.Web/sites', parameters('sites_ReviewHogAPI20230721154657_name'))]"
            ]
        },
        {
            "type": "Microsoft.Web/sites/snapshots",
            "apiVersion": "2015-08-01",
            "name": "[concat(parameters('sites_ReviewHogAPI20230721154657_name'), '/2023-07-25T03_46_27_5951437')]",
            "dependsOn": [
                "[resourceId('Microsoft.Web/sites', parameters('sites_ReviewHogAPI20230721154657_name'))]"
            ]
        },
        {
            "type": "Microsoft.Web/sites/snapshots",
            "apiVersion": "2015-08-01",
            "name": "[concat(parameters('sites_ReviewHogAPI20230721154657_name'), '/2023-07-25T04_46_27_8641851')]",
            "dependsOn": [
                "[resourceId('Microsoft.Web/sites', parameters('sites_ReviewHogAPI20230721154657_name'))]"
            ]
        },
        {
            "type": "Microsoft.Web/sites/snapshots",
            "apiVersion": "2015-08-01",
            "name": "[concat(parameters('sites_ReviewHogAPI20230721154657_name'), '/2023-07-25T05_46_28_1165378')]",
            "dependsOn": [
                "[resourceId('Microsoft.Web/sites', parameters('sites_ReviewHogAPI20230721154657_name'))]"
            ]
        },
        {
            "type": "Microsoft.Web/sites/snapshots",
            "apiVersion": "2015-08-01",
            "name": "[concat(parameters('sites_ReviewHogAPI20230721154657_name'), '/2023-07-25T06_46_28_3583706')]",
            "dependsOn": [
                "[resourceId('Microsoft.Web/sites', parameters('sites_ReviewHogAPI20230721154657_name'))]"
            ]
        },
        {
            "type": "Microsoft.Web/sites/snapshots",
            "apiVersion": "2015-08-01",
            "name": "[concat(parameters('sites_ReviewHogAPI20230721154657_name'), '/2023-07-25T07_46_28_5978814')]",
            "dependsOn": [
                "[resourceId('Microsoft.Web/sites', parameters('sites_ReviewHogAPI20230721154657_name'))]"
            ]
        },
        {
            "type": "Microsoft.Web/sites/snapshots",
            "apiVersion": "2015-08-01",
            "name": "[concat(parameters('sites_ReviewHogAPI20230721154657_name'), '/2023-07-25T08_46_28_8508864')]",
            "dependsOn": [
                "[resourceId('Microsoft.Web/sites', parameters('sites_ReviewHogAPI20230721154657_name'))]"
            ]
        },
        {
            "type": "Microsoft.Web/sites/snapshots",
            "apiVersion": "2015-08-01",
            "name": "[concat(parameters('sites_ReviewHogAPI20230721154657_name'), '/2023-07-25T09_46_29_0994214')]",
            "dependsOn": [
                "[resourceId('Microsoft.Web/sites', parameters('sites_ReviewHogAPI20230721154657_name'))]"
            ]
        },
        {
            "type": "Microsoft.Web/sites/snapshots",
            "apiVersion": "2015-08-01",
            "name": "[concat(parameters('sites_ReviewHogAPI20230721154657_name'), '/2023-07-25T10_46_29_3457325')]",
            "dependsOn": [
                "[resourceId('Microsoft.Web/sites', parameters('sites_ReviewHogAPI20230721154657_name'))]"
            ]
        },
        {
            "type": "Microsoft.Web/sites/snapshots",
            "apiVersion": "2015-08-01",
            "name": "[concat(parameters('sites_ReviewHogAPI20230721154657_name'), '/2023-07-25T11_46_29_5943645')]",
            "dependsOn": [
                "[resourceId('Microsoft.Web/sites', parameters('sites_ReviewHogAPI20230721154657_name'))]"
            ]
        },
        {
            "type": "Microsoft.Sql/servers/databases/advancedThreatProtectionSettings",
            "apiVersion": "2022-11-01-preview",
            "name": "[concat(parameters('servers_reviewhog_name'), '/', parameters('servers_reviewhog_name'), 'Main/Default')]",
            "dependsOn": [
                "[resourceId('Microsoft.Sql/servers/databases', parameters('servers_reviewhog_name'), concat(parameters('servers_reviewhog_name'), 'Main'))]",
                "[resourceId('Microsoft.Sql/servers', parameters('servers_reviewhog_name'))]"
            ],
            "properties": {
                "state": "Disabled"
            }
        },
        {
            "type": "Microsoft.Sql/servers/databases/advisors",
            "apiVersion": "2014-04-01",
            "name": "[concat(parameters('servers_reviewhog_name'), '/', parameters('servers_reviewhog_name'), 'Main/CreateIndex')]",
            "dependsOn": [
                "[resourceId('Microsoft.Sql/servers/databases', parameters('servers_reviewhog_name'), concat(parameters('servers_reviewhog_name'), 'Main'))]",
                "[resourceId('Microsoft.Sql/servers', parameters('servers_reviewhog_name'))]"
            ],
            "properties": {
                "autoExecuteValue": "Disabled"
            }
        },
        {
            "type": "Microsoft.Sql/servers/databases/advisors",
            "apiVersion": "2014-04-01",
            "name": "[concat(parameters('servers_reviewhog_name'), '/', parameters('servers_reviewhog_name'), 'Main/DbParameterization')]",
            "dependsOn": [
                "[resourceId('Microsoft.Sql/servers/databases', parameters('servers_reviewhog_name'), concat(parameters('servers_reviewhog_name'), 'Main'))]",
                "[resourceId('Microsoft.Sql/servers', parameters('servers_reviewhog_name'))]"
            ],
            "properties": {
                "autoExecuteValue": "Disabled"
            }
        },
        {
            "type": "Microsoft.Sql/servers/databases/advisors",
            "apiVersion": "2014-04-01",
            "name": "[concat(parameters('servers_reviewhog_name'), '/', parameters('servers_reviewhog_name'), 'Main/DefragmentIndex')]",
            "dependsOn": [
                "[resourceId('Microsoft.Sql/servers/databases', parameters('servers_reviewhog_name'), concat(parameters('servers_reviewhog_name'), 'Main'))]",
                "[resourceId('Microsoft.Sql/servers', parameters('servers_reviewhog_name'))]"
            ],
            "properties": {
                "autoExecuteValue": "Disabled"
            }
        },
        {
            "type": "Microsoft.Sql/servers/databases/advisors",
            "apiVersion": "2014-04-01",
            "name": "[concat(parameters('servers_reviewhog_name'), '/', parameters('servers_reviewhog_name'), 'Main/DropIndex')]",
            "dependsOn": [
                "[resourceId('Microsoft.Sql/servers/databases', parameters('servers_reviewhog_name'), concat(parameters('servers_reviewhog_name'), 'Main'))]",
                "[resourceId('Microsoft.Sql/servers', parameters('servers_reviewhog_name'))]"
            ],
            "properties": {
                "autoExecuteValue": "Disabled"
            }
        },
        {
            "type": "Microsoft.Sql/servers/databases/advisors",
            "apiVersion": "2014-04-01",
            "name": "[concat(parameters('servers_reviewhog_name'), '/', parameters('servers_reviewhog_name'), 'Main/ForceLastGoodPlan')]",
            "dependsOn": [
                "[resourceId('Microsoft.Sql/servers/databases', parameters('servers_reviewhog_name'), concat(parameters('servers_reviewhog_name'), 'Main'))]",
                "[resourceId('Microsoft.Sql/servers', parameters('servers_reviewhog_name'))]"
            ],
            "properties": {
                "autoExecuteValue": "Enabled"
            }
        },
        {
            "type": "Microsoft.Sql/servers/databases/auditingPolicies",
            "apiVersion": "2014-04-01",
            "name": "[concat(parameters('servers_reviewhog_name'), '/', parameters('servers_reviewhog_name'), 'Main/Default')]",
            "location": "East US",
            "dependsOn": [
                "[resourceId('Microsoft.Sql/servers/databases', parameters('servers_reviewhog_name'), concat(parameters('servers_reviewhog_name'), 'Main'))]",
                "[resourceId('Microsoft.Sql/servers', parameters('servers_reviewhog_name'))]"
            ],
            "properties": {
                "auditingState": "Disabled"
            }
        },
        {
            "type": "Microsoft.Sql/servers/databases/auditingSettings",
            "apiVersion": "2022-11-01-preview",
            "name": "[concat(parameters('servers_reviewhog_name'), '/', parameters('servers_reviewhog_name'), 'Main/Default')]",
            "dependsOn": [
                "[resourceId('Microsoft.Sql/servers/databases', parameters('servers_reviewhog_name'), concat(parameters('servers_reviewhog_name'), 'Main'))]",
                "[resourceId('Microsoft.Sql/servers', parameters('servers_reviewhog_name'))]"
            ],
            "properties": {
                "retentionDays": 0,
                "isAzureMonitorTargetEnabled": false,
                "state": "Disabled",
                "storageAccountSubscriptionId": "00000000-0000-0000-0000-000000000000"
            }
        },
        {
            "type": "Microsoft.Sql/servers/databases/backupLongTermRetentionPolicies",
            "apiVersion": "2022-11-01-preview",
            "name": "[concat(parameters('servers_reviewhog_name'), '/', parameters('servers_reviewhog_name'), 'Main/default')]",
            "dependsOn": [
                "[resourceId('Microsoft.Sql/servers/databases', parameters('servers_reviewhog_name'), concat(parameters('servers_reviewhog_name'), 'Main'))]",
                "[resourceId('Microsoft.Sql/servers', parameters('servers_reviewhog_name'))]"
            ],
            "properties": {
                "weeklyRetention": "PT0S",
                "monthlyRetention": "PT0S",
                "yearlyRetention": "PT0S",
                "weekOfYear": 0
            }
        },
        {
            "type": "Microsoft.Sql/servers/databases/backupShortTermRetentionPolicies",
            "apiVersion": "2022-11-01-preview",
            "name": "[concat(parameters('servers_reviewhog_name'), '/', parameters('servers_reviewhog_name'), 'Main/default')]",
            "dependsOn": [
                "[resourceId('Microsoft.Sql/servers/databases', parameters('servers_reviewhog_name'), concat(parameters('servers_reviewhog_name'), 'Main'))]",
                "[resourceId('Microsoft.Sql/servers', parameters('servers_reviewhog_name'))]"
            ],
            "properties": {
                "retentionDays": 7,
                "diffBackupIntervalInHours": 12
            }
        },
        {
            "type": "Microsoft.Sql/servers/databases/extendedAuditingSettings",
            "apiVersion": "2022-11-01-preview",
            "name": "[concat(parameters('servers_reviewhog_name'), '/', parameters('servers_reviewhog_name'), 'Main/Default')]",
            "dependsOn": [
                "[resourceId('Microsoft.Sql/servers/databases', parameters('servers_reviewhog_name'), concat(parameters('servers_reviewhog_name'), 'Main'))]",
                "[resourceId('Microsoft.Sql/servers', parameters('servers_reviewhog_name'))]"
            ],
            "properties": {
                "retentionDays": 0,
                "isAzureMonitorTargetEnabled": false,
                "state": "Disabled",
                "storageAccountSubscriptionId": "00000000-0000-0000-0000-000000000000"
            }
        },
        {
            "type": "Microsoft.Sql/servers/databases/geoBackupPolicies",
            "apiVersion": "2022-11-01-preview",
            "name": "[concat(parameters('servers_reviewhog_name'), '/', parameters('servers_reviewhog_name'), 'Main/Default')]",
            "dependsOn": [
                "[resourceId('Microsoft.Sql/servers/databases', parameters('servers_reviewhog_name'), concat(parameters('servers_reviewhog_name'), 'Main'))]",
                "[resourceId('Microsoft.Sql/servers', parameters('servers_reviewhog_name'))]"
            ],
            "properties": {
                "state": "Disabled"
            }
        },
        {
            "type": "Microsoft.Sql/servers/databases/ledgerDigestUploads",
            "apiVersion": "2022-11-01-preview",
            "name": "[concat(parameters('servers_reviewhog_name'), '/', parameters('servers_reviewhog_name'), 'Main/Current')]",
            "dependsOn": [
                "[resourceId('Microsoft.Sql/servers/databases', parameters('servers_reviewhog_name'), concat(parameters('servers_reviewhog_name'), 'Main'))]",
                "[resourceId('Microsoft.Sql/servers', parameters('servers_reviewhog_name'))]"
            ],
            "properties": {}
        },
        {
            "type": "Microsoft.Sql/servers/databases/securityAlertPolicies",
            "apiVersion": "2022-11-01-preview",
            "name": "[concat(parameters('servers_reviewhog_name'), '/', parameters('servers_reviewhog_name'), 'Main/Default')]",
            "dependsOn": [
                "[resourceId('Microsoft.Sql/servers/databases', parameters('servers_reviewhog_name'), concat(parameters('servers_reviewhog_name'), 'Main'))]",
                "[resourceId('Microsoft.Sql/servers', parameters('servers_reviewhog_name'))]"
            ],
            "properties": {
                "state": "Disabled",
                "disabledAlerts": [
                    ""
                ],
                "emailAddresses": [
                    ""
                ],
                "emailAccountAdmins": false,
                "retentionDays": 0
            }
        },
        {
            "type": "Microsoft.Sql/servers/databases/transparentDataEncryption",
            "apiVersion": "2022-11-01-preview",
            "name": "[concat(parameters('servers_reviewhog_name'), '/', parameters('servers_reviewhog_name'), 'Main/Current')]",
            "dependsOn": [
                "[resourceId('Microsoft.Sql/servers/databases', parameters('servers_reviewhog_name'), concat(parameters('servers_reviewhog_name'), 'Main'))]",
                "[resourceId('Microsoft.Sql/servers', parameters('servers_reviewhog_name'))]"
            ],
            "properties": {
                "state": "Enabled"
            }
        },
        {
            "type": "Microsoft.Sql/servers/databases/vulnerabilityAssessments",
            "apiVersion": "2022-11-01-preview",
            "name": "[concat(parameters('servers_reviewhog_name'), '/', parameters('servers_reviewhog_name'), 'Main/Default')]",
            "dependsOn": [
                "[resourceId('Microsoft.Sql/servers/databases', parameters('servers_reviewhog_name'), concat(parameters('servers_reviewhog_name'), 'Main'))]",
                "[resourceId('Microsoft.Sql/servers', parameters('servers_reviewhog_name'))]"
            ],
            "properties": {
                "recurringScans": {
                    "isEnabled": false,
                    "emailSubscriptionAdmins": true
                }
            }
        }
    ]
}